predictions,predictions_time
-0.38999999,20210701-084349
-0.38999999,20210701-084349
-0.38999999,20210701-084349
-0.38999999,20210701-084349
-0.38999999,20210701-084349
-0.38999999,20210701-084349
44.990002000000004,20210701-084349
44.990002000000004,20210701-084349
-0.38999999,20210701-084349
-1.0,20210701-084349
